id,dataset,classes,length,trainsize,testsize,type,NB,C45,SVML,SVMQ,BN,MLP,Euclidean_1NN,DTW_R1_1NN,DTW_Rn_1NN,DDTW_R1_1NN,DDTW_Rn_1NN,ERP_1NN,LCSS_1NN,MSM_1NN,TWE_1NN,WDDTW_1NN,WDTW_1NN,DD_DTW,DTD_C,DTW_F,LS,FS,BoP,SAXVSM,TSF,TSBF,LPS,ACF,PS,PFr5std,PFr2std,PFr1std,PFr5Train,PFr5TrainStd,PFr5Test,PFr5TestStd,PFr2Train,PFr2TrainStd,PFr2Test,PFr2TestStd,PFr1Train,PFr1TrainStd,PFr1Test,PFr1TestStd,RandF,RotF,ST,BOSS,EE,COTE,PFr5,PFr2,PFr1
0,Adiac,37,176,390,391,IMAGE,0.562659847,0.542199488,0.442455243,0.762148338,0.501278772,0.73657289,0.611253197,0.603580563,0.608695652,0.585677749,0.670076726,0.608695652,0.250639386,0.626598465,0.6342711,0.675191816,0.606138107,0.700767263,0.700767263,0.611253197,0.52173913,0.59335,0.588235294,0.452685422,0.731457801,0.769820972,0.769820972,0.664961637,0.751918159,0.006925864,0.010029286,0.008216935,1329874.369,34739.30152,324591.2824,14477.87899,368018.9312,61727.89854,224320.453,27567.10849,248084.0657,19189.19642,273258.3038,19820.96078,0.636828645,0.774936061,0.782608696,0.764705882,0.664961637,0.79028133,0.734015345,0.732992327,0.718414322
1,ArrowHead,3,251,36,175,IMAGE,0.542857143,0.605714286,0.731428571,0.742857143,0.571428571,0.708571429,0.8,0.702857143,0.8,0.777142857,0.834285714,0.8,0.788571429,0.805714286,0.794285714,0.805714286,0.817142857,0.788571429,0.72,0.76,0.845714286,0.594286,0.737142857,0.788571429,0.725714286,0.754285714,0.782857143,0.645714286,0.474285714,0.006487385,0.010363025,0.009637418,37155.81736,6600.748271,42748.00477,5799.943318,13843.80677,547.0833808,40811.8189,1274.301318,9392.440526,440.6471306,54846.55201,2484.919616,0.714285714,0.737142857,0.737142857,0.834285714,0.811428571,0.811428571,0.875428571,0.858285714,0.844571429
2,Beef,5,470,30,30,SPECTRO,0.666666667,0.533333333,0.9,0.933333333,0.6,0.6,0.666666667,0.633333333,0.666666667,0.666666667,0.7,0.666666667,0.766666667,0.466666667,0.6,0.7,0.7,0.666666667,0.666666667,0.666666667,0.866666667,0.566667,0.6,0.433333333,0.766666667,0.566666667,0.6,0.733333333,0.733333333,0.023306863,0.022498285,0.02744242,123126.0188,26304.12533,29610.645,6485.390347,46387.07445,1982.833696,28354.81152,1934.045521,29567.57578,1196.765843,37231.06258,1677.255574,0.733333333,0.866666667,0.9,0.8,0.633333333,0.866666667,0.72,0.723333333,0.71
3,BeetleFly,2,512,20,20,IMAGE,0.75,0.9,0.8,0.85,0.85,0.8,0.75,0.7,0.65,0.75,0.85,0.75,0.8,0.6,0.7,0.75,0.7,0.65,0.65,0.6,0.8,0.7,0.7,0.9,0.75,0.8,0.8,0.65,0.85,0.042491829,0.042163702,0.055025247,71637.57467,1862.836848,19918.87123,1049.603494,17420.8877,528.936891,11499.45168,521.841701,15377.21582,1193.315029,19929.22913,1136.472136,0.8,0.9,0.9,0.9,0.75,0.8,0.875,0.83,0.745
4,BirdChicken,2,512,20,20,IMAGE,0.55,0.8,0.65,0.8,0.6,0.6,0.55,0.75,0.7,0.85,0.9,0.75,0.8,0.85,0.85,0.85,0.75,0.85,0.8,0.85,0.8,0.75,0.75,1,0.8,0.9,1,0.85,0.95,0.052967495,0.033747428,0.049721446,70741.69451,2620.092151,17751.30486,598.9379282,24750.44701,471.2560381,15389.01327,401.7615537,17226.90458,816.8297643,21213.46011,955.4541927,0.75,0.85,0.8,0.95,0.8,0.9,0.865,0.885,0.855
6,Car,4,577,60,60,SENSOR,0.6,0.566666667,0.85,0.883333333,0.566666667,0.766666667,0.733333333,0.733333333,0.766666667,0.733333333,0.783333333,0.766666667,0.833333333,0.9,0.916666667,0.783333333,0.783333333,0.8,0.783333333,0.85,0.766666667,0.75,0.783333333,0.866666667,0.766666667,0.783333333,0.85,0.583333333,0.7,0.023306863,0.018002057,0.024907235,469253.5355,8895.187974,106492.0943,3450.673071,148480.0308,5707.002163,81463.2209,2919.93994,99084.35092,5351.012641,109724.4264,5878.207237,0.666666667,0.8,0.916666667,0.833333333,0.833333333,0.9,0.846666667,0.841666667,0.821666667
5,CBF,3,128,30,900,SIMULATED,0.895555556,0.673333333,0.877777778,0.875555556,0.854444444,0.894444444,0.852222222,0.996666667,0.994444444,0.592222222,0.572222222,0.997777778,0.99,0.968888889,0.991111111,0.591111111,0.996666667,0.996666667,0.98,0.991111111,0.991111111,0.94,0.924444444,0.956666667,0.994444444,0.987777778,0.998888889,0.598888889,0.555555556,0.002511974,0.003592784,0.003323029,8340.919867,194.6454594,63537.73112,2381.059458,3024.745374,106.2154074,53649.05638,3008.266417,2028.650627,187.1518824,72522.73023,4173.106353,0.89,0.928888889,0.974444444,0.997777778,0.997777778,0.995555556,0.993333333,0.993666667,0.990555556
7,ChlorineConcentration,3,166,467,3840,SIMULATED,0.346354167,0.6875,0.584375,0.92421875,0.598958333,0.861458333,0.65,0.6484375,0.65,0.683072917,0.69765625,0.659895833,0.719791667,0.627604167,0.6484375,0.68984375,0.64921875,0.708072917,0.713020833,0.63359375,0.592447917,0.546354,0.640625,0.654427083,0.719791667,0.692447917,0.607552083,0.661979167,0.722395833,0.003324664,0.002277716,0.002610525,733748.8822,11128.25117,1350672.657,22597.64848,229700.4013,4032.30609,1052411.435,18775.00926,101515.5387,1608.640737,941187.2844,13460.46784,0.7125,0.847395833,0.699739583,0.6609375,0.65625,0.727083333,0.633880208,0.632161458,0.630625
8,CinCECGtorso,4,1639,40,1380,ECG,0.846376812,0.589855072,0.46884058,0.651449275,0.83115942,0.461594203,0.897101449,0.650724638,0.930434783,0.710869565,0.939130435,0.887681159,0.946376812,0.961594203,0.846376812,0.910144928,0.85942029,0.724637681,0.852173913,0.715217391,0.869565217,0.85942,0.713768116,0.770289855,0.982608696,0.712318841,0.736231884,0.797826087,0.870289855,0.008312829,0.008221081,0.010314886,1802170.561,271535.3314,12636636.96,1905920.76,700824.9876,79790.21931,13629900.68,828414.2728,387467.2483,95303.16172,15694552.44,3821254.654,0.738405797,0.805797101,0.954347826,0.886956522,0.942028986,0.994927536,0.934347826,0.92,0.902753623
9,Coffee,2,286,28,28,SPECTRO,0.928571429,0.928571429,1,1,0.964285714,0.964285714,1,1,1,0.928571429,0.964285714,1,1,0.892857143,1,0.964285714,1,1,1,0.964285714,1,0.928571,0.928571429,0.928571429,0.964285714,1,1,1,1,0,0,0,18454.44859,695.5163086,4073.522074,217.7028898,8520.60537,336.0647919,4780.549879,326.2428928,5252.292388,220.9701089,5784.307316,255.0838879,1,1,0.964285714,1,1,1,1,1,1
10,Computers,2,720,250,250,DEVICE,0.58,0.568,0.492,0.54,0.664,0.496,0.576,0.7,0.624,0.668,0.676,0.54,0.644,0.576,0.632,0.608,0.7,0.716,0.716,0.544,0.584,0.5,0.668,0.62,0.72,0.756,0.68,0.6,0.66,0.01312504,0.015668794,0.012899612,4649708.834,72494.10197,1115245.35,30055.68151,1588961.421,398687.389,921026.6645,224854.5656,960823.0314,29202.18148,1113605.824,24544.91189,0.608,0.7,0.736,0.756,0.708,0.74,0.6444,0.6388,0.6168
11,CricketX,12,300,390,390,MOTION,0.379487179,0.274358974,0.38974359,0.484615385,0.312820513,0.505128205,0.576923077,0.753846154,0.779487179,0.630769231,0.630769231,0.764102564,0.730769231,0.764102564,0.748717949,0.641025641,0.78974359,0.753846154,0.753846154,0.764102564,0.741025641,0.484615,0.576923077,0.738461538,0.664102564,0.705128205,0.697435897,0.566666667,0.569230769,0.006139585,0.006816206,0.01084157,2112067.647,91990.29233,444983.5441,21455.45134,685604.4397,61554.46154,368697.8027,16760.92427,411348.9561,73954.76172,471930.6409,82793.15561,0.587179487,0.633333333,0.771794872,0.735897436,0.812820513,0.807692308,0.802051282,0.795384615,0.77974359
12,CricketY,12,300,390,390,MOTION,0.394871795,0.328205128,0.458974359,0.461538462,0.287179487,0.525641026,0.566666667,0.743589744,0.756410256,0.558974359,0.561538462,0.730769231,0.787179487,0.771794872,0.753846154,0.582051282,0.758974359,0.776923077,0.774358974,0.779487179,0.717948718,0.530769,0.633333333,0.615384615,0.671794872,0.735897436,0.766666667,0.551282051,0.487179487,0.008898745,0.008304245,0.012147582,2255064.165,253388.0576,463692.5434,59117.79788,993574.9884,36471.00698,542662.3833,32830.64778,363785.2442,42862.40597,401176.579,25361.42343,0.61025641,0.61025641,0.779487179,0.753846154,0.805128205,0.825641026,0.793846154,0.790769231,0.784615385
13,CricketZ,12,300,390,390,MOTION,0.394871795,0.320512821,0.379487179,0.464102564,0.328205128,0.543589744,0.587179487,0.753846154,0.735897436,0.556410256,0.605128205,0.733333333,0.741025641,0.764102564,0.735897436,0.617948718,0.761538462,0.774358974,0.774358974,0.728205128,0.741025641,0.464103,0.535897436,0.707692308,0.671794872,0.715384615,0.753846154,0.630769231,0.574358974,0.007567844,0.009819765,0.008238004,2200457.334,338952.4947,471181.6864,91468.79469,900783.1212,37832.6151,498724.7099,20416.55564,346548.0257,12300.43791,387257.3943,13320.53691,0.607692308,0.656410256,0.787179487,0.746153846,0.782051282,0.815384615,0.801025641,0.8,0.795128205
14,DiatomSizeReduction,4,345,16,306,IMAGE,0.879084967,0.715686275,0.954248366,0.947712418,0.941176471,0.964052288,0.934640523,0.967320261,0.934640523,0.934640523,0.91503268,0.934640523,0.941176471,0.947712418,0.947712418,0.934640523,0.967320261,0.967320261,0.91503268,0.934640523,0.980392157,0.866013,0.921568627,0.882352941,0.931372549,0.89869281,0.905228758,0.888888889,0.87254902,0.002310806,0.004569973,0.004478171,18117.88707,625.5876939,80765.33369,7665.588882,7248.995442,347.4965047,88214.76581,6199.264777,3978.145463,233.9262331,93649.33407,5324.839684,0.87254902,0.87254902,0.924836601,0.931372549,0.944444444,0.928104575,0.965686275,0.966666667,0.964379085
15,DistalPhalanxOutlineAgeGroup,3,80,400,139,IMAGE,0.726618705,0.690647482,0.712230216,0.669064748,0.73381295,0.805755396,0.625899281,0.769784173,0.625899281,0.676258993,0.690647482,0.676258993,0.73381295,0.741007194,0.712230216,0.64028777,0.697841727,0.705035971,0.661870504,0.683453237,0.71942446,0.654676,0.690647482,0.841726619,0.748201439,0.712230216,0.669064748,0.712230216,0.705035971,0.012779772,0.011869898,0.012133439,60487.43565,1055.505951,5629.052945,204.2082457,36927.30022,831.355228,8161.80777,244.7807733,21770.15294,501.7855154,9378.730746,194.2936513,0.769784173,0.748201439,0.769784173,0.748201439,0.690647482,0.748201439,0.730935252,0.737410072,0.732374101
16,DistalPhalanxOutlineCorrect,2,80,600,276,IMAGE,0.673913043,0.757246377,0.663043478,0.764492754,0.72826087,0.822463768,0.717391304,0.717391304,0.724637681,0.731884058,0.713768116,0.710144928,0.742753623,0.735507246,0.739130435,0.710144928,0.717391304,0.731884058,0.724637681,0.768115942,0.778985507,0.75,0.713768116,0.72826087,0.77173913,0.782608696,0.721014493,0.760869565,0.724637681,0.009005484,0.007296525,0.007864165,134301.6509,1195.086199,15097.9345,274.4337453,80252.67604,2149.432174,21498.28669,631.6035343,43985.88796,744.1106183,23416.76763,439.6383127,0.782608696,0.757246377,0.775362319,0.72826087,0.72826087,0.760869565,0.792753623,0.777173913,0.762318841
17,DistalPhalanxTW,6,80,400,139,IMAGE,0.64028777,0.625899281,0.705035971,0.625899281,0.661870504,0.625899281,0.633093525,0.589928058,0.633093525,0.589928058,0.589928058,0.669064748,0.633093525,0.64028777,0.633093525,0.589928058,0.604316547,0.611510791,0.575539568,0.669064748,0.625899281,0.625899,0.697841727,0.604316547,0.669064748,0.676258993,0.568345324,0.690647482,0.676258993,0.016631694,0.01234488,0.011748152,65873.53503,778.4377542,6017.632367,141.404229,39836.31992,815.7273766,8581.757459,142.7309224,22932.66406,673.4552161,9606.871964,228.1685315,0.705035971,0.705035971,0.661870504,0.676258993,0.647482014,0.697841727,0.65971223,0.651079137,0.661870504
21,Earthquakes,2,512,322,139,SENSOR,0.669064748,0.697841727,0.64028777,0.741007194,0.568345324,0.697841727,0.712230216,0.71942446,0.726618705,0.676258993,0.676258993,0.683453237,0.726618705,0.690647482,0.676258993,0.676258993,0.726618705,0.705035971,0.705035971,0.748201439,0.741007194,0.705036,0.741007194,0.748201439,0.748201439,0.748201439,0.64028777,0.748201439,0.748201439,0.006611055,0.003391399,0.00347515,2705077.953,473374.1517,260908.7092,50220.17574,881634.0624,7286.17448,220177.8028,2738.133687,710438.7876,19436.8937,344993.2871,9733.284505,0.748201439,0.748201439,0.741007194,0.748201439,0.741007194,0.748201439,0.753956835,0.755395683,0.75323741
18,ECG200,2,96,100,100,ECG,0.77,0.8,0.81,0.85,0.75,0.79,0.88,0.77,0.88,0.83,0.89,0.88,0.89,0.91,0.89,0.88,0.88,0.83,0.84,0.81,0.88,0.81,0.83,0.85,0.87,0.84,0.86,0.82,0.86,0.01197219,0.008232726,0.009486833,23805.53898,425.9724771,5304.147469,162.2336278,7293.677994,196.2485343,4080.723491,140.4865119,5396.011048,402.2381314,6156.002769,209.8733506,0.79,0.85,0.83,0.87,0.88,0.88,0.909,0.903,0.897
19,ECG5000,5,140,500,4500,ECG,0.883555556,0.898666667,0.938444444,0.926222222,0.852888889,0.932888889,0.924888889,0.924444444,0.925111111,0.919555556,0.920666667,0.932222222,0.929555556,0.931777778,0.927111111,0.922,0.924888889,0.923555556,0.923555556,0.938222222,0.932222222,0.922667,0.911777778,0.910444444,0.938888889,0.939555556,0.917111111,0.909777778,0.935555556,0.001141798,0.000947453,0.001299995,338372.8649,8032.512193,601951.8202,22855.03409,97897.68393,1941.885087,454171.9393,10192.20103,75489.42767,1427.744656,711215.7307,14556.65023,0.934666667,0.945777778,0.943777778,0.941333333,0.938666667,0.946,0.936488889,0.937822222,0.937555556
20,ECGFiveDays,2,136,23,861,ECG,0.796747967,0.721254355,0.975609756,0.972125436,0.780487805,0.916376307,0.796747967,0.767711963,0.796747967,0.68641115,0.695702671,0.806039489,0.794425087,0.890824623,0.829268293,0.692218351,0.795586527,0.768873403,0.822299652,0.974448316,1,0.997677,0.987224158,0.954703833,0.955865273,0.87688734,0.879210221,0.981416957,1,0.011137452,0.009882484,0.01067009,7279.466893,132.1007617,61714.37108,2382.35289,2157.669312,90.53971704,47718.61098,2011.924856,1803.029648,73.06143008,82286.11277,2886.247912,0.721254355,0.908246225,0.983739837,1,0.819976771,0.99883856,0.849245064,0.827874564,0.805110337
22,ElectricDevices,7,96,8926,7711,DEVICE,0.512644274,0.559330826,0.498249254,0.580988199,0.462585916,0.640513552,0.551679419,0.602126832,0.630787187,0.570872779,0.596809752,0.654000778,0.625988847,0.659058488,0.592659837,0.581895993,0.613409415,0.591881727,0.593827,0.741149008,0.587472442,0.579043,0.596031643,0.7052263,0.692517183,0.702502918,0.6812346,0.625729477,0.597198807,0.00230618,0.003406652,0.002729516,5693039.071,67894.83597,1175243.918,15670.35134,1861548.38,301200.5761,932561.1253,146425.1773,1021269.941,262038.1152,973196.7369,243716.1761,0.654908572,0.785760602,0.746984827,0.799247828,0.662949034,0.713266762,0.705965504,0.695292439,0.688509921
23,FaceAll,14,131,560,1690,IMAGE,0.692899408,0.549112426,0.720118343,0.733136095,0.673372781,0.862721893,0.713609467,0.807692308,0.807692308,0.872781065,0.881656805,0.792899408,0.800591716,0.809467456,0.786390533,0.89704142,0.79408284,0.901775148,0.898816568,0.75739645,0.74852071,0.626036,0.755621302,0.968047337,0.75147929,0.744378698,0.767455621,0.70887574,0.820118343,0.017373132,0.00436116,0.002984111,678490.8687,19947.48932,444254.7407,21635.90129,205964.0357,6628.505328,336554.9633,13221.45169,170953.1129,9972.71215,549029.1963,30977.32406,0.732544379,0.911242604,0.778698225,0.781656805,0.84852071,0.917751479,0.893846154,0.931301775,0.927278107
24,FaceFour,4,350,24,88,IMAGE,0.840909091,0.715909091,0.886363636,0.852272727,0.897727273,0.909090909,0.784090909,0.829545455,0.897727273,0.625,0.738636364,0.863636364,0.965909091,0.943181818,0.852272727,0.715909091,0.875,0.829545455,0.818181818,0.988636364,0.965909091,0.909091,0.954545455,0.931818182,0.931818182,1,0.943181818,0.659090909,0.511363636,0.013176157,0.00935537,0.011043469,46034.96245,862.8007504,39327.14114,2495.510574,13717.62991,520.042732,29218.98695,2333.064155,12171.97904,747.5555674,52674.1129,2932.331886,0.852272727,0.818181818,0.852272727,1,0.909090909,0.897727273,0.973863636,0.946590909,0.926136364
25,FacesUCR,14,131,200,2050,IMAGE,0.727317073,0.477560976,0.75804878,0.780487805,0.611707317,0.747317073,0.769268293,0.904878049,0.907804878,0.843414634,0.874634146,0.92097561,0.955121951,0.971219512,0.92,0.868292683,0.92,0.904390244,0.907804878,0.709756098,0.93902439,0.705854,0.898536585,0.925365854,0.883414634,0.866829268,0.925853659,0.692682927,0.800487805,0.001930103,0.00283319,0.003243892,144649.2276,4011.614554,328036.2075,27510.06762,73333.3483,1305.659614,421407.5503,13949.10383,45721.17367,2007.037317,519481.8617,20971.69861,0.782439024,0.802926829,0.905853659,0.957073171,0.944878049,0.942439024,0.945902439,0.939902439,0.928292683
26,FiftyWords,50,270,450,455,IMAGE,0.562637363,0.417582418,0.646153846,0.69010989,0.16043956,0.650549451,0.630769231,0.69010989,0.764835165,0.692307692,0.762637363,0.712087912,0.797802198,0.813186813,0.793406593,0.769230769,0.771428571,0.753846154,0.753846154,0.747252747,0.72967033,0.481319,0.540659341,0.393406593,0.740659341,0.758241758,0.817582418,0.428571429,0.417582418,0.006045621,0.005842462,0.009495591,3336801.395,847118.9135,690309.5298,176627.2479,1141148.954,59861.8176,605997.0658,49880.75192,883443.0024,41451.12951,971640.7802,44858.9527,0.681318681,0.661538462,0.705494505,0.705494505,0.81978022,0.797802198,0.831428571,0.818021978,0.8
27,Fish,7,463,175,175,IMAGE,0.651428571,0.565714286,0.851428571,0.862857143,0.657142857,0.845714286,0.782857143,0.822857143,0.834285714,0.897142857,0.92,0.874285714,0.874285714,0.931428571,0.931428571,0.96,0.851428571,0.942857143,0.925714286,0.948571429,0.96,0.782857,0.897142857,0.948571429,0.794285714,0.834285714,0.942857143,0.617142857,0.811428571,0.011171717,0.011428571,0.011252614,1145713.642,39378.8061,266386.7426,10624.9798,293362.2649,11590.79083,163975.9992,9550.829326,160909.7909,7225.696264,177800.2931,7364.554157,0.76,0.828571429,0.988571429,0.988571429,0.965714286,0.982857143,0.934857143,0.92,0.909142857
28,FordA,2,500,3601,1320,SENSOR,0.491666667,0.562121212,0.496212121,0.777272727,0.515909091,0.74469697,0.665151515,0.554545455,0.665151515,0.717424242,0.721969697,0.658333333,0.698484848,0.718939394,0.618181818,0.717424242,0.653030303,0.722727273,0.765151515,0.892424242,0.956818182,0.787121,0.789393939,0.827272727,0.815151515,0.85,0.872727273,0.936363636,0.937878788,0.003203191,0.007911741,0.006039526,50439804.65,9488927.275,4556724.524,730301.9134,23099099.89,1234312.75,4514504.861,269784.2752,10602724.19,2699520.991,4132335.105,1044854.027,0.771969697,0.84469697,0.971212121,0.929545455,0.737878788,0.956818182,0.854621212,0.850606061,0.846969697
29,FordB,2,500,3636,810,SENSOR,0.534567901,0.525925926,0.527160494,0.737037037,0.507407407,0.665432099,0.60617284,0.619753086,0.598765432,0.665432099,0.656790123,0.624691358,0.648148148,0.641975309,0.608641975,0.659259259,0.598765432,0.666666667,0.65308642,0.749382716,0.917283951,0.728395,0.624691358,0.750617284,0.687654321,0.598765432,0.711111111,0.780246914,0.790123457,0.007882565,0.007480209,0.010527261,49700419.92,9352191.893,3029304.357,405348.4038,21530072.53,3107574.458,2759670.863,336769.0172,10068972.2,2112040.461,2460161.525,518311.3713,0.654320988,0.771604938,0.807407407,0.711111111,0.661728395,0.803703704,0.714938272,0.700493827,0.696790123
30,GunPoint,2,150,50,150,MOTION,0.786666667,0.773333333,0.8,0.94,0.853333333,0.926666667,0.913333333,0.906666667,0.913333333,0.993333333,1,0.946666667,0.973333333,0.973333333,0.953333333,0.993333333,0.98,0.98,0.986666667,0.98,1,0.946667,0.986666667,0.986666667,0.973333333,0.986666667,0.993333333,0.726666667,0.893333333,0.003442652,0.003442652,0.006285394,15485.93555,389.7594106,11774.80229,323.6629499,4701.21018,65.63146599,8700.058685,215.5998226,2664.838013,101.9433315,9493.443052,337.5115945,0.94,0.92,1,1,0.993333333,1,0.997333333,0.997333333,0.993333333
31,Ham,2,431,109,105,SPECTRO,0.752380952,0.533333333,0.6,0.657142857,0.704761905,0.838095238,0.6,0.466666667,0.6,0.476190476,0.542857143,0.6,0.60952381,0.514285714,0.514285714,0.552380952,0.580952381,0.476190476,0.552380952,0.704761905,0.666666667,0.647619,0.59047619,0.80952381,0.742857143,0.761904762,0.561904762,0.685714286,0.6,0.027327415,0.025574773,0.024363916,432563.4585,6754.907096,95236.2526,1812.340076,178589.721,3038.266421,95130.43771,2200.204168,96539.96558,4432.571905,101366.0033,5281.373938,0.714285714,0.714285714,0.685714286,0.666666667,0.571428571,0.647619048,0.66,0.656190476,0.639047619
32,HandOutlines,2,2709,1000,370,IMAGE,0.810810811,0.881081081,0.891891892,0.867567568,0.845945946,0.883783784,0.862162162,0.881081081,0.878378378,0.737837838,0.810810811,0.883783784,0.848648649,0.875675676,0.87027027,0.840540541,0.87027027,0.867567568,0.864864865,0.916216216,0.481081081,0.810811,0.902702703,0.908108108,0.918918919,0.854054054,0.881081081,0.686486486,0.745945946,0.006036708,0.00552422,0.006890567,254863592.2,24498858.46,19808171.07,1820133.234,123883799.6,7358962.614,24585988.59,1975954.608,63532254.38,18950452.34,24271945.54,4739023.502,0.905405405,0.910810811,0.932432432,0.902702703,0.889189189,0.918918919,0.921351351,0.914054054,0.906756757
33,Haptics,5,1092,155,308,MOTION,0.438311688,0.350649351,0.405844156,0.428571429,0.363636364,0.467532468,0.37012987,0.376623377,0.415584416,0.285714286,0.327922078,0.37012987,0.38961039,0.441558442,0.415584416,0.321428571,0.37012987,0.399350649,0.399350649,0.435064935,0.467532468,0.392857,0.422077922,0.37987013,0.444805195,0.49025974,0.431818182,0.431818182,0.448051948,0.011801004,0.010609373,0.010603852,5271097.129,384904.9979,2119719.562,148866.0275,1807179.693,328749.6884,1994656.163,334550.5671,858196.192,33057.85958,1964455.339,71174.53264,0.454545455,0.438311688,0.522727273,0.461038961,0.392857143,0.522727273,0.444480519,0.445779221,0.451298701
34,Herring,2,512,64,64,IMAGE,0.578125,0.578125,0.609375,0.609375,0.53125,0.640625,0.515625,0.53125,0.53125,0.5,0.515625,0.625,0.5625,0.5625,0.515625,0.46875,0.53125,0.546875,0.546875,0.578125,0.625,0.53125,0.5625,0.625,0.609375,0.640625,0.578125,0.671875,0.5625,0.03997205,0.033104685,0.041796672,471106.1344,9328.638859,106355.4886,2141.361206,158518.2188,2045.957364,91804.68195,1348.169881,101118.4638,2493.822025,118405.6111,2052.115738,0.59375,0.65625,0.671875,0.546875,0.578125,0.625,0.5796875,0.584375,0.6
35,InlineSkate,7,1882,100,550,MOTION,0.216363636,0.269090909,0.309090909,0.329090909,0.176363636,0.34,0.341818182,0.383636364,0.387272727,0.452727273,0.456363636,0.447272727,0.427272727,0.452727273,0.421818182,0.452727273,0.403636364,0.561818182,0.509090909,0.372727273,0.438181818,0.189091,0.376363636,0.410909091,0.376363636,0.385454545,0.5,0.46,0.429090909,0.014919435,0.010428822,0.009121162,10483379.51,1776380.363,15101960.67,2556134.446,3990757.54,781686.3859,13469785.42,2078021.508,2229468.918,556466.9366,14730257.66,3700720.35,0.350909091,0.370909091,0.372727273,0.516363636,0.46,0.494545455,0.541818182,0.473272727,0.422727273
36,InsectWingbeatSound,11,256,220,1980,SENSOR,0.628282828,0.507070707,0.643434343,0.600505051,0.614141414,0.591414141,0.561616162,0.355050505,0.573737374,0.243434343,0.519191919,0.525757576,0.555555556,0.574747475,0.534343434,0.542424242,0.573737374,0.355050505,0.472727273,0.630808081,0.606060606,0.489394,0.491919192,0.547474747,0.632828283,0.624747475,0.550505051,0.558080808,0.583333333,0.005563203,0.00476434,0.002439626,716954.5317,16686.35888,1309899.57,42265.60004,185443.5876,5241.202482,863927.1133,45587.52488,150647.0122,7659.025011,1530891.24,68012.84919,0.656060606,0.636363636,0.626767677,0.523232323,0.594949495,0.652525253,0.618686869,0.615707071,0.614141414
37,ItalyPowerDemand,2,24,67,1029,SENSOR,0.900874636,0.946550049,0.971817298,0.951409135,0.931972789,0.945578231,0.955296404,0.950437318,0.955296404,0.91350826,0.972789116,0.955296404,0.957240039,0.943634597,0.948493683,0.940719145,0.950437318,0.950437318,0.951409135,0.960155491,0.960155491,0.917396,0.860058309,0.816326531,0.960155491,0.883381924,0.923226433,0.790087464,0.896987366,0.001250422,0.001843894,0.001986357,697.807266,32.28502586,2497.395316,119.6472698,206.6654486,13.29930553,1937.858735,105.1641853,155.279185,8.535994686,2988.543391,120.6157746,0.965986395,0.972789116,0.947521866,0.908649174,0.962099125,0.961127308,0.967055394,0.965403304,0.963848397
38,LargeKitchenAppliances,3,720,375,375,DEVICE,0.458666667,0.485333333,0.426666667,0.461333333,0.549333333,0.48,0.493333333,0.794666667,0.794666667,0.768,0.757333333,0.618666667,0.584,0.669333333,0.752,0.768,0.794666667,0.794666667,0.794666667,0.8,0.701333333,0.56,0.624,0.877333333,0.570666667,0.528,0.717333333,0.778666667,0.733333333,0.007930563,0.006260202,0.01013879,5436460.686,1320993.621,1319616.455,318571.4373,1530075.052,22235.19403,872550.9403,13344.59207,1449268.638,32229.28056,1589148.3,34661.39375,0.568,0.608,0.858666667,0.765333333,0.810666667,0.845333333,0.781866667,0.7712,0.753866667
39,Lightning2,2,637,60,61,SENSOR,0.672131148,0.62295082,0.721311475,0.754098361,0.737704918,0.721311475,0.754098361,0.868852459,0.868852459,0.672131148,0.770491803,0.868852459,0.770491803,0.819672131,0.836065574,0.819672131,0.901639344,0.868852459,0.868852459,0.786885246,0.819672131,0.704918,0.754098361,0.852459016,0.803278689,0.737704918,0.819672131,0.639344262,0.737704918,0.016931075,0.014354017,0.018929517,420478.0521,5954.392193,91085.91985,1976.23839,174946.9768,2657.23755,96637.46954,2346.247068,148787.6203,4107.018507,167322.7551,4184.940753,0.737704918,0.68852459,0.737704918,0.836065574,0.885245902,0.868852459,0.86557377,0.886885246,0.852459016
40,Lightning7,7,319,70,73,SENSOR,0.643835616,0.547945205,0.712328767,0.712328767,0.684931507,0.643835616,0.575342466,0.726027397,0.712328767,0.575342466,0.698630137,0.739726027,0.575342466,0.753424658,0.753424658,0.684931507,0.767123288,0.671232877,0.657534247,0.575342466,0.794520548,0.643836,0.575342466,0.575342466,0.753424658,0.726027397,0.739726027,0.575342466,0.602739726,0.012915192,0.016839351,0.021466044,215869.5533,5646.535292,51049.34811,2280.561593,49973.81791,1992.156221,31018.51664,1197.314951,42548.50987,2723.314108,51806.17709,4292.501714,0.698630137,0.726027397,0.726027397,0.684931507,0.767123288,0.808219178,0.821917808,0.810958904,0.804109589
41,Mallat,8,1024,55,2345,SIMULATED,0.845628998,0.751385928,0.866950959,0.863539446,0.955223881,0.89466951,0.914285714,0.933901919,0.914285714,0.897228145,0.925373134,0.913859275,0.9108742,0.931769723,0.912153518,0.912579957,0.937739872,0.948827292,0.927078891,0.948400853,0.95010661,0.976119,0.845628998,0.84434968,0.919402985,0.960341151,0.908315565,0.82217484,0.884008529,0.002858875,0.00275045,0.003045053,754469.4462,23323.60792,6437113.082,492165.8817,393650.443,20369.14844,8390802.131,777654.049,198469.9401,55923.05674,9898428.261,2870088.478,0.864818763,0.949253731,0.964179104,0.938166311,0.939872068,0.953944563,0.957569296,0.957185501,0.956972281
42,Meat,3,448,60,60,SPECTRO,0.933333333,0.866666667,0.966666667,0.966666667,0.916666667,1,0.933333333,0.933333333,0.933333333,0.666666667,0.666666667,0.933333333,0.533333333,0.933333333,0.933333333,0.666666667,0.933333333,0.933333333,0.933333333,0.9,0.733333333,0.833333,0.733333333,0.9,0.933333333,0.933333333,0.883333333,0.85,0.866666667,0,0,0,156927.4793,5850.372774,36618.50824,2581.833029,44577.24798,1500.286736,26120.89774,1130.255584,42966.01515,1526.539838,48817.18068,1892.118884,0.933333333,0.966666667,0.85,0.9,0.933333333,0.916666667,0.933333333,0.933333333,0.933333333
43,MedicalImages,10,99,381,760,IMAGE,0.448684211,0.625,0.615789474,0.707894737,0.401315789,0.705263158,0.684210526,0.736842105,0.747368421,0.663157895,0.663157895,0.676315789,0.706578947,0.740789474,0.710526316,0.681578947,0.736842105,0.736842105,0.744736842,0.723684211,0.664473684,0.623684,0.493421053,0.507894737,0.755263158,0.705263158,0.746052632,0.677631579,0.661842105,0.003863634,0.004163203,0.007623256,199437.0433,3473.712024,95021.08529,3206.274452,54937.00919,924.2911277,64387.77597,2178.640417,34137.54861,2095.206016,75518.57835,4412.164611,0.721052632,0.772368421,0.669736842,0.718421053,0.742105263,0.757894737,0.758157895,0.755657895,0.756973684
44,MiddlePhalanxOutlineAgeGroup,3,80,400,154,IMAGE,0.590909091,0.551948052,0.616883117,0.487012987,0.603896104,0.558441558,0.519480519,0.5,0.519480519,0.558441558,0.577922078,0.480519481,0.61038961,0.493506494,0.519480519,0.538961039,0.519480519,0.538961039,0.5,0.512987013,0.571428571,0.545455,0.519480519,0.545454545,0.577922078,0.577922078,0.487012987,0.61038961,0.616883117,0.02103023,0.017098197,0.016255397,88247.97349,9875.647481,10008.28435,1078.939997,23860.4528,377.6873884,6684.116454,98.70890599,20901.14308,451.4724096,10713.70492,173.9256736,0.603896104,0.571428571,0.642857143,0.545454545,0.558441558,0.636363636,0.562337662,0.574025974,0.575324675
45,MiddlePhalanxOutlineCorrect,2,80,600,291,IMAGE,0.553264605,0.697594502,0.635738832,0.773195876,0.704467354,0.807560137,0.766323024,0.697594502,0.766323024,0.690721649,0.776632302,0.766323024,0.749140893,0.75257732,0.762886598,0.745704467,0.75257732,0.731958763,0.742268041,0.786941581,0.780068729,0.728522,0.70790378,0.676975945,0.828178694,0.81443299,0.773195876,0.711340206,0.790378007,0.011010873,0.004301256,0.011771118,199614.4201,2373.192245,22874.03256,430.6058772,49094.34177,767.2692279,14599.68273,391.1981356,41307.44337,775.6146486,22948.13883,518.1009777,0.81443299,0.800687285,0.793814433,0.780068729,0.783505155,0.804123711,0.836426117,0.829209622,0.821993127
46,MiddlePhalanxTW,6,80,399,154,IMAGE,0.512987013,0.493506494,0.577922078,0.532467532,0.506493506,0.571428571,0.512987013,0.506493506,0.506493506,0.5,0.5,0.5,0.577922078,0.493506494,0.487012987,0.532467532,0.512987013,0.487012987,0.5,0.532467532,0.506493506,0.532468,0.5,0.487012987,0.564935065,0.597402597,0.525974026,0.571428571,0.577922078,0.015074013,0.015846758,0.023161185,121717.1137,2986.87984,11223.64166,1234.171657,31975.10839,738.6380046,7461.143482,195.2151892,23143.08929,847.7456841,10044.07335,1021.00407,0.558441558,0.62987013,0.519480519,0.545454545,0.512987013,0.571428571,0.529220779,0.544155844,0.542207792
47,MoteStrain,2,84,20,1252,SENSOR,0.842651757,0.786741214,0.866613419,0.870607029,0.856230032,0.845846645,0.878594249,0.834664537,0.865814696,0.715654952,0.774760383,0.872204473,0.881789137,0.854632588,0.797124601,0.787539936,0.85942492,0.833067093,0.767571885,0.908945687,0.883386581,0.777157,0.849041534,0.793929712,0.869009585,0.903354633,0.92172524,0.742811502,0.688498403,0.007171716,0.007256707,0.005932449,2078.955145,73.72136215,29573.45533,1086.863648,623.9636506,25.328995,22544.41526,929.1477313,524.0040508,19.92514205,39339.1011,1475.376528,0.888977636,0.880191693,0.896964856,0.878594249,0.882587859,0.936900958,0.902396166,0.895447284,0.888578275
48,NonInvasiveFetalECGThorax1,42,750,1800,1965,ECG,0.811195929,0.719083969,0.92264631,0.940458015,0.811704835,0.925699746,0.829007634,0.790330789,0.829007634,0.697201018,0.72264631,0.824936387,0.81221374,0.816284987,0.820356234,0.729770992,0.815776081,0.805597964,0.841221374,0.892111959,0.259033079,0.710433,,0.523155216,0.875826972,0.842239186,0.81221374,0.721119593,0.875318066,0.002979503,0.003332805,0.003458231,107392336.1,21058737.83,24152713.53,5693685.075,45120722.48,5921336.943,22374674.73,3830793.388,27994322.98,1126471.847,29513092.41,3261750.327,0.878880407,0.905343511,0.949618321,0.838167939,0.845801527,0.93129771,0.906615776,0.9043257,0.90524173
49,NonInvasiveFetalECGThorax2,42,750,1800,1965,ECG,0.827480916,0.784732824,0.941984733,0.948091603,0.839185751,0.945038168,0.879898219,0.864631043,0.870229008,0.826463104,0.825954198,0.895165394,0.88346056,0.882951654,0.888040712,0.860559796,0.884478372,0.893129771,0.88956743,0.899236641,0.770483461,0.75369,,0.591348601,0.909923664,0.861577608,0.841221374,0.751653944,0.883969466,0.003048247,0.001699742,0.001892023,99270480.32,18237338.33,21301308.14,4338385.277,37896339.34,6790160.217,21665488.54,3648723.694,22299528.73,5458929.68,25451124.65,4996783.324,0.911959288,0.924681934,0.951145038,0.900763359,0.913486005,0.945547074,0.939898219,0.936692112,0.934147583
51,OliveOil,4,570,30,30,SPECTRO,0.9,0.833333333,0.866666667,0.866666667,0.9,0.9,0.866666667,0.833333333,0.866666667,0.866666667,0.833333333,0.866666667,0.4,0.833333333,0.866666667,0.866666667,0.833333333,0.833333333,0.866666667,0.9,0.166666667,0.733333,0.866666667,0.9,0.866666667,0.833333333,0.866666667,0.8,0.833333333,0,0,0,141196.2737,2968.76614,38424.9145,1466.560935,33532.39647,1056.85689,21534.31595,873.2467247,31309.36042,1935.917562,37914.22914,2222.507359,0.9,0.866666667,0.9,0.866666667,0.866666667,0.9,0.866666667,0.866666667,0.866666667
50,OSULeaf,6,427,200,242,IMAGE,0.380165289,0.342975207,0.44214876,0.566115702,0.309917355,0.458677686,0.520661157,0.590909091,0.599173554,0.880165289,0.871900826,0.603305785,0.789256198,0.772727273,0.776859504,0.884297521,0.623966942,0.880165289,0.884297521,0.809917355,0.776859504,0.677686,0.648760331,0.851239669,0.582644628,0.760330579,0.739669421,0.776859504,0.82231405,0.006401625,0.012047421,0.010669376,1282255.295,36155.90632,370242.3705,14672.2259,371575.9169,7851.502386,253693.5995,9007.46885,300605.3643,6815.077913,411181.0574,7051.123653,0.512396694,0.570247934,0.966942149,0.954545455,0.805785124,0.966942149,0.827272727,0.770661157,0.727272727
52,PhalangesOutlinesCorrect,2,80,1800,858,IMAGE,0.653846154,0.734265734,0.646853147,0.724941725,0.730769231,0.836829837,0.761072261,0.728438228,0.761072261,0.74009324,0.791375291,0.75990676,0.742424242,0.751748252,0.75990676,0.776223776,0.747086247,0.738927739,0.761072261,0.771561772,0.764568765,0.74359,0.70979021,0.70979021,0.803030303,0.82983683,0.756410256,0.735431235,0.747086247,0.005767628,0.004436395,0.006264381,586641.0247,8334.868455,65063.07777,1442.634842,190030.7755,2089.072906,52709.67194,629.854967,123268.1947,2359.63023,67586.04492,1244.18107,0.817016317,0.86013986,0.763403263,0.771561772,0.772727273,0.77039627,0.823543124,0.817715618,0.808857809
53,Phoneme,39,1024,214,1896,SENSOR,0.136603376,0.065400844,0.093881857,0.097046414,0.112869198,0.097046414,0.109177215,0.228375527,0.226793249,0.256329114,0.246835443,0.179324895,0.256329114,0.292194093,0.270042194,0.244725738,0.161392405,0.268987342,0.267932489,0.276898734,0.21835443,0.173523,0.129746835,0.104957806,0.212025316,0.276371308,0.236814346,0.230485232,0.219936709,0.006331311,0.008265628,0.006288941,25760348.78,4574785.683,58378345.66,9213924.923,9066456.53,1687080.119,48111385.38,8940013.582,4674510.366,809966.023,48274688.04,8559790.234,0.146624473,0.129746835,0.320675105,0.264767932,0.304852321,0.349156118,0.320094937,0.317299578,0.305485232
54,Plane,7,144,105,105,SENSOR,0.942857143,0.961904762,0.980952381,0.99047619,0.980952381,0.961904762,0.961904762,1,1,1,1,1,1,1,1,1,1,1,1,0.99047619,1,1,0.980952381,0.99047619,1,1,1,0.971428571,1,0,0,0,47394.95968,2042.375953,11412.78275,902.5389363,12397.96438,323.6420741,7333.883411,418.4079121,8655.555871,1215.69893,9441.195677,746.0538845,0.99047619,0.99047619,1,1,1,1,1,1,1
55,ProximalPhalanxOutlineAgeGroup,3,80,400,205,IMAGE,0.824390244,0.834146341,0.853658537,0.809756098,0.853658537,0.8,0.785365854,0.804878049,0.785365854,0.819512195,0.809756098,0.795121951,0.853658537,0.790243902,0.804878049,0.819512195,0.804878049,0.8,0.795121951,0.819512195,0.834146341,0.780488,0.765853659,0.824390244,0.848780488,0.848780488,0.795121951,0.83902439,0.834146341,0.006604909,0.005243745,0.00796582,89602.30082,670.1935963,10394.2878,131.9082225,25485.25738,289.3745071,7428.706024,120.0009826,21878.42577,581.9697993,12281.32091,307.5186853,0.868292683,0.853658537,0.843902439,0.834146341,0.804878049,0.853658537,0.846341463,0.84195122,0.843902439
56,ProximalPhalanxOutlineCorrect,2,80,600,291,IMAGE,0.64604811,0.797250859,0.824742268,0.900343643,0.721649485,0.865979381,0.807560137,0.783505155,0.790378007,0.817869416,0.852233677,0.810996564,0.756013746,0.786941581,0.807560137,0.841924399,0.783505155,0.793814433,0.793814433,0.828178694,0.848797251,0.804124,0.745704467,0.828178694,0.828178694,0.872852234,0.841924399,0.817869416,0.869415808,0.007325671,0.006326095,0.007777432,162626.49,29678.7699,19144.96628,3667.659079,47318.29011,789.4657736,13433.40876,215.4227361,33313.34508,1479.682077,18997.12127,619.1756664,0.865979381,0.862542955,0.883161512,0.848797251,0.807560137,0.869415808,0.873195876,0.860824742,0.853264605
57,ProximalPhalanxTW,6,80,400,205,IMAGE,0.736585366,0.736585366,0.824390244,0.76097561,0.746341463,0.790243902,0.707317073,0.76097561,0.76097561,0.751219512,0.736585366,0.702439024,0.804878049,0.756097561,0.746341463,0.746341463,0.751219512,0.765853659,0.770731707,0.814634146,0.775609756,0.702439,0.658536585,0.609756098,0.814634146,0.809756098,0.731707317,0.751219512,0.790243902,0.013613942,0.013219822,0.008370431,104679.5698,1723.717391,12440.38883,376.6192425,27680.20173,477.4692589,8337.937809,297.241911,23205.58358,731.7539282,13672.58172,328.1574455,0.809756098,0.824390244,0.804878049,0.8,0.765853659,0.780487805,0.77902439,0.772195122,0.773170732
58,RefrigerationDevices,3,720,375,375,DEVICE,0.384,0.464,0.352,0.373333333,0.504,0.368,0.394666667,0.464,0.44,0.408,0.424,0.490666667,0.490666667,0.482666667,0.512,0.434666667,0.426666667,0.445333333,0.445333333,0.482666667,0.514666667,0.333333,0.461333333,0.653333333,0.589333333,0.472,0.458666667,0.496,0.506666667,0.008357447,0.010502439,0.012135856,5275597.024,1026192.659,1136213.627,215094.0358,1996511.096,33266.24549,1136327.177,27926.81413,1365534.171,35880.77511,1516120.939,45135.37883,0.514666667,0.565333333,0.581333333,0.498666667,0.437333333,0.546666667,0.532266667,0.530133333,0.531733333
59,ScreenType,3,720,375,375,DEVICE,0.434666667,0.373333333,0.381333333,0.384,0.448,0.386666667,0.36,0.397333333,0.410666667,0.426666667,0.442666667,0.381333333,0.437333333,0.458666667,0.426666667,0.426666667,0.410666667,0.429333333,0.437333333,0.434666667,0.429333333,0.413333,0.418666667,0.512,0.456,0.509333333,0.416,0.504,0.493333333,0.011386802,0.010699948,0.009854246,7308848.843,194359.683,1689414.938,43062.34359,1784956.906,24354.90673,1054202.626,14557.32918,887537.7208,19121.46477,1035453.022,21228.07694,0.434666667,0.44,0.52,0.464,0.445333333,0.546666667,0.4552,0.448266667,0.456266667
60,ShapeletSim,2,500,20,180,SIMULATED,0.466666667,0.488888889,0.488888889,0.483333333,0.522222222,0.472222222,0.538888889,0.65,0.694444444,0.538888889,0.505555556,0.838888889,0.822222222,0.866666667,0.577777778,0.494444444,0.755555556,0.611111111,0.6,0.672222222,0.95,1,0.7,0.716666667,0.477777778,0.961111111,0.866666667,0.922222222,0.766666667,0.017577967,0.019676743,0.014115436,120866.4561,1955.582472,259094.311,5468.356148,38416.89967,886.9415313,210173.7131,6126.4399,30564.06184,1340.995739,340739.7591,14404.03595,0.488888889,0.411111111,0.955555556,1,0.816666667,0.961111111,0.776111111,0.761666667,0.759444444
61,ShapesAll,60,512,600,600,IMAGE,0.623333333,0.471666667,0.713333333,0.748333333,0.583333333,0.65,0.751666667,0.768333333,0.801666667,0.835,0.845,0.811666667,0.845,0.871666667,0.86,0.86,0.811666667,0.85,0.838333333,0.805,0.768333333,0.58,0.785,0.698333333,0.791666667,0.185,0.873333333,0.616666667,0.738333333,0.00326315,0.006024641,0.00743075,18831458.57,3579065.572,4869520.874,897211.641,7450360.713,1659101.845,3871606.822,956644.3477,3570889.949,213721.6375,3828025.212,237346.0826,0.77,0.743333333,0.841666667,0.908333333,0.866666667,0.891666667,0.885833333,0.870333333,0.853166667
62,SmallKitchenAppliances,3,720,375,375,DEVICE,0.514666667,0.573333333,0.461333333,0.461333333,0.653333333,0.333333333,0.344,0.642666667,0.672,0.653333333,0.669333333,0.632,0.472,0.698666667,0.645333333,0.645333333,0.674666667,0.64,0.648,0.757333333,0.664,0.333333,0.746666667,0.578666667,0.810666667,0.672,0.712,0.698666667,0.68,0.006705075,0.009834181,0.009639425,4559000.733,1088676.66,1142427.275,282224.3605,1459814.26,29747.13424,859230.3364,17198.59618,791032.3955,24179.51359,880020.4447,25002.8483,0.669333333,0.728,0.792,0.725333333,0.696,0.776,0.744266667,0.742933333,0.733866667
63,SonyAIBORobotSurface1,2,70,20,601,SENSOR,0.930116473,0.655574043,0.703826955,0.707154742,0.740432612,0.901830283,0.695507488,0.725457571,0.695507488,0.730449251,0.698835275,0.688851913,0.735440932,0.730449251,0.680532446,0.717138103,0.737104825,0.742096506,0.710482529,0.740432612,0.81031614,0.685524,0.71547421,0.813643927,0.787021631,0.795341098,0.773710483,0.886855241,0.878535774,0.008875832,0.006980425,0.006618495,1508.732395,53.60251747,9911.496162,438.6497038,472.7993256,18.18327987,8085.185576,315.8583245,391.2272878,17.38255837,13037.30977,680.9314569,0.637271215,0.808652246,0.84359401,0.632279534,0.703826955,0.845257903,0.845757072,0.827953411,0.824625624
64,SonyAIBORobotSurface2,2,65,27,953,SENSOR,0.786988458,0.686253935,0.818467996,0.818467996,0.790136411,0.840503673,0.859391396,0.831059811,0.859391396,0.858342078,0.861490031,0.822665268,0.81112277,0.870933893,0.853095488,0.858342078,0.831059811,0.891920252,0.891920252,0.856243442,0.875131165,0.790136,0.81112277,0.81636936,0.810073452,0.777544596,0.871983211,0.924449108,0.904512067,0.00529995,0.00694367,0.003641669,1938.706103,45.15111258,17069.18169,488.0542046,600.1314992,9.331381238,13119.60294,404.1281209,491.5689042,18.04926105,20769.9382,686.8814053,0.790136411,0.807974816,0.93389297,0.859391396,0.878279119,0.951731375,0.896327387,0.889506821,0.878908709
65,StarlightCurves,3,1024,1000,8236,SENSOR,0.791403594,0.907236523,0.919499757,0.933948519,0.791403594,0.846406022,0.848834386,0.906629432,0.898251578,0.962238951,0.963695969,0.86243322,0.879431763,0.868139874,0.883195726,0.962238951,0.895216124,0.962238951,0.962238951,0.96163186,0.946576008,0.9178,,0.875303545,0.969402623,0.977051967,0.96296746,0.96430306,0.953739679,0.000596063,0.000505666,0.000746719,19096382.91,3813491.215,27431300.44,5565794.417,7424140.2,1556106.779,30059575.3,5819553.521,4810348.992,877235.7635,39315901.85,7997868.924,0.949854298,0.969281204,0.978508985,0.977780476,0.926056338,0.979601748,0.981289461,0.979929577,0.976857698
66,Strawberry,2,235,613,370,SPECTRO,0.764864865,0.937837838,0.918918919,0.972972973,0.818918919,0.962162162,0.945945946,0.940540541,0.945945946,0.962162162,0.962162162,0.945945946,0.837837838,0.943243243,0.943243243,0.962162162,0.943243243,0.954054054,0.956756757,0.97027027,0.910810811,0.902703,0.967567568,0.956756757,0.964864865,0.954054054,0.962162162,0.87027027,0.940540541,0.005560829,0.004602537,0.001824185,1315760.464,140438.6575,187595.1188,4043.895655,346226.9473,7078.806273,118887.6839,2694.292036,248884.4861,8422.418519,165053.9985,6308.593962,0.956756757,0.972972973,0.962162162,0.975675676,0.945945946,0.951351351,0.968378378,0.962972973,0.954864865
67,SwedishLeaf,15,128,500,625,IMAGE,0.8576,0.6576,0.8416,0.864,0.8336,0.8288,0.7888,0.792,0.8464,0.8848,0.904,0.8624,0.888,0.896,0.8912,0.8928,0.8736,0.9008,0.896,0.9008,0.9072,0.768,0.7344,0.6688,0.9136,0.9152,0.92,0.8816,0.9024,0.005070875,0.005396954,0.004971742,523266.1085,10842.65395,148252.8732,6941.310629,144878.6816,3951.601633,102981.616,4494.5584,116069.1939,5355.997715,155122.5628,6632.545154,0.8704,0.8816,0.928,0.9216,0.9152,0.9552,0.94656,0.94176,0.93936
68,Symbols,6,398,25,995,IMAGE,0.79798995,0.627135678,0.870351759,0.894472362,0.895477387,0.75678392,0.899497487,0.949748744,0.937688442,0.970854271,0.968844221,0.920603015,0.954773869,0.948743719,0.959798995,0.973869347,0.949748744,0.952763819,0.96281407,0.948743719,0.931658291,0.933668,0.950753769,0.622110553,0.914572864,0.945728643,0.96281407,0.897487437,0.798994975,0.00175999,0.003796105,0.002975734,58488.05212,2663.122892,572277.0506,27510.50824,15105.55049,834.276436,363005.8846,23414.27805,12890.09927,799.7497456,595749.1819,38923.10363,0.901507538,0.792964824,0.88241206,0.966834171,0.959798995,0.963819095,0.96160804,0.960201005,0.952663317
69,SyntheticControl,6,60,300,300,SIMULATED,0.96,0.81,0.923333333,0.943333333,0.926666667,0.91,0.88,0.993333333,0.983333333,0.566666667,0.566666667,0.976666667,0.953333333,0.973333333,0.986666667,0.566666667,0.993333333,0.993333333,0.996666667,0.99,0.996666667,0.91,0.933333333,0.89,0.986666667,0.993333333,0.98,0.66,0.653333333,0.001721326,0.001756821,0.002459549,36644.9595,5883.910701,9313.268096,1461.889431,12661.05918,413.5396062,7209.50983,387.4100668,10342.88328,419.1388964,11352.88775,454.5466597,0.943333333,0.973333333,0.983333333,0.966666667,0.99,1,0.995333333,0.995,0.993666667
70,ToeSegmentation1,2,277,40,228,MOTION,0.552631579,0.592105263,0.543859649,0.574561404,0.578947368,0.5,0.679824561,0.771929825,0.75,0.785087719,0.587719298,0.833333333,0.75,0.815789474,0.820175439,0.627192982,0.793859649,0.807017544,0.807017544,0.921052632,0.934210526,0.95614,0.877192982,0.929824561,0.74122807,0.780701754,0.877192982,0.890350877,0.697368421,0.014144312,0.017180695,0.013714666,78834.89332,977.1488248,111872.3279,2431.435458,22398.15502,702.9062936,76902.45201,2357.381306,17896.69345,464.1686198,121214.0956,2806.478431,0.649122807,0.530701754,0.964912281,0.938596491,0.828947368,0.973684211,0.924561404,0.900438596,0.881578947
71,ToeSegmentation2,2,343,36,130,MOTION,0.638461538,0.5,0.546153846,0.653846154,0.561538462,0.592307692,0.807692308,0.838461538,0.907692308,0.684615385,0.784615385,0.923076923,0.907692308,0.753846154,0.784615385,0.792307692,0.892307692,0.746153846,0.715384615,0.907692308,0.915384615,0.692308,0.946153846,0.861538462,0.815384615,0.8,0.869230769,0.830769231,0.746153846,0.008465423,0.01269166,0.013664526,84568.34953,1643.249708,82195.86885,2377.379001,23822.86091,591.308219,53404.40545,1837.842897,16544.80573,615.3003845,71307.80217,3109.724548,0.769230769,0.584615385,0.907692308,0.961538462,0.892307692,0.915384615,0.862307692,0.865384615,0.88
72,Trace,4,275,100,100,SENSOR,0.8,0.79,0.73,0.82,0.82,0.84,0.76,1,0.99,1,0.99,0.95,0.97,0.93,0.99,1,1,1,0.99,1,1,1,0.97,1,0.99,0.98,0.98,1,0.95,0,0,0.003162278,118634.1986,2518.153505,27895.02857,1102.150063,37658.64181,1282.683244,20527.78158,564.5048439,36027.66743,3228.971016,36701.19559,4123.422771,0.78,0.93,1,1,0.99,1,1,1,0.999
73,TwoLeadECG,2,82,23,1139,ECG,0.698858648,0.718173837,0.941176471,0.905179982,0.73309921,0.950834065,0.74714662,0.905179982,0.868305531,0.994732221,0.981562774,0.942054434,0.885864794,0.947322212,0.973661106,0.994732221,0.905179982,0.978050922,0.985074627,0.985074627,0.996488147,0.924495,0.975417032,0.897278314,0.75856014,0.865671642,0.948200176,0.804214223,0.960491659,0.002745341,0.011493533,0.016170048,1961.208235,78.70450197,24078.21039,1163.603166,626.6674099,24.89803032,19313.15032,610.8866123,549.9608297,21.84998561,31911.74947,1382.661417,0.724319579,0.970149254,0.997366111,0.980684811,0.971027217,0.992976295,0.988586479,0.96786655,0.950746269
74,TwoPatterns,4,128,1000,4000,SIMULATED,0.457,0.65125,0.82175,0.87425,0.46275,0.91075,0.90675,1,0.9985,0.9975,0.99675,1,0.99925,0.999,0.9985,0.9975,1,1,0.9995,1,0.99325,0.90825,0.942,0.8745,0.99125,0.97625,0.982,0.414,0.46575,0.000312916,0.000275126,0.000204124,402194.6878,32929.55852,412618.2533,7687.477286,193294.1789,3199.581275,453445.2942,9803.418495,127586.6679,26160.23918,533534.1908,102309.7819,0.858,0.928,0.955,0.993,1,1,0.999575,0.999725,0.99975
75,UWaveGestureLibraryAll,8,945,896,3582,MOTION,0.890563931,0.784198772,0.893914015,0.935790061,0.890563931,0.931602457,0.948073702,0.891680625,0.962311558,0.849246231,0.927135678,0.953657175,0.958961474,0.963149079,0.952819654,0.93718593,0.966219989,0.935231714,0.937744277,0.965661642,0.953378001,0.788666,,0.798994975,0.957286432,0.926298157,0.965940815,0.532104969,0.660245673,0.000576659,0.000994022,0.001037919,28252157.3,7550434.588,20601141.2,3405450.274,10674874.58,2315683.101,21099455.18,3937780.732,5326341.789,533459.7298,22241946.91,2243998.324,0.938581798,0.944444444,0.942211055,0.938860972,0.968453378,0.964265773,0.97225014,0.97160804,0.97107761
76,UWaveGestureLibraryX,8,315,896,3582,MOTION,0.665270798,0.601340034,0.658570631,0.718592965,0.669458403,0.747906198,0.739251815,0.727526521,0.774427694,0.676996092,0.741485204,0.771356784,0.771356784,0.769123395,0.771356784,0.74427694,0.774427694,0.779173646,0.774706868,0.801507538,0.791178113,0.694584,0.597710776,0.529034059,0.804020101,0.830820771,0.829145729,0.472920156,0.448073702,0.002352175,0.002113049,0.001370512,3980399.13,580057.8452,2893928.084,416883.2978,1154811.788,29965.70991,2216110.292,80078.01926,816013.0358,173694.0132,3360824.578,630391.6515,0.762144054,0.782802903,0.802903406,0.762144054,0.805415969,0.821887214,0.828559464,0.823227247,0.821300949
77,UWaveGestureLibraryY,8,315,896,3582,MOTION,0.555834729,0.563093244,0.627582356,0.626186488,0.584589615,0.664154104,0.661641541,0.63400335,0.701842546,0.584031267,0.662758236,0.678950307,0.691792295,0.701842546,0.684812954,0.659128978,0.693188163,0.715801228,0.698492462,0.702959241,0.702959241,0.595757,0.531825796,0.411781128,0.727247348,0.736180905,0.760748185,0.481853713,0.446677834,0.002433957,0.002494229,0.001370512,4082559.145,743046.4556,2921889.353,564039.1866,1193053.987,26456.57033,2288801.787,72184.73097,809332.5784,188082.6965,3487413.572,736334.5881,0.69374651,0.71440536,0.730318258,0.685092127,0.725572306,0.758514796,0.761501954,0.760580681,0.76239531
78,UWaveGestureLibraryZ,8,315,896,3582,MOTION,0.563372418,0.573422669,0.614461195,0.654941374,0.573422669,0.675600223,0.649637074,0.658291457,0.675041876,0.577051926,0.676996092,0.686767169,0.688721385,0.699888331,0.683696259,0.678950307,0.675879397,0.696259073,0.679229481,0.7319933,0.746789503,0.638191,0.556113903,0.491624791,0.742881072,0.772473479,0.768285874,0.476828587,0.466219989,0.003101076,0.003802983,0.004071216,3657712.053,871578.6051,2643728.906,680532.8235,1156216.992,22870.30355,2262737.043,40579.35625,628067.7619,24485.3642,2709176.798,99422.85447,0.719988833,0.72278057,0.748464545,0.694863205,0.72361809,0.75041876,0.763958682,0.757481854,0.754885539
79,Wafer,2,152,1000,6164,SENSOR,0.708468527,0.981992213,0.959928618,0.994159637,0.957657365,0.963984426,0.995457495,0.979883193,0.995944192,0.977774173,0.997079818,0.99513303,0.989779364,0.997404283,0.995619727,0.997404283,0.997079818,0.979883193,0.992537313,0.996593121,0.996106424,0.996755,0.995619727,0.999026606,0.996106424,0.99513303,0.997404283,0.995944192,0.99513303,0.000275742,0.000296688,0.000459181,287764.2001,5768.886368,354685.5468,14945.90648,124253.8629,2097.32599,390924.4401,9788.912307,109107.0914,2938.629602,695536.8073,18002.82283,0.993510707,0.994484101,1,0.994808566,0.997404283,0.999837768,0.995457495,0.995408825,0.995084361
80,Wine,2,234,57,54,SPECTRO,0.574074074,0.685185185,0.833333333,0.759259259,0.611111111,0.944444444,0.611111111,0.574074074,0.611111111,0.518518519,0.537037037,0.611111111,0.481481481,0.592592593,0.574074074,0.518518519,0.574074074,0.574074074,0.611111111,0.703703704,0.5,0.759259,0.759259259,0.962962963,0.62962963,0.611111111,0.62962963,0.703703704,0.481481481,0.024768398,0.019125844,0.022170722,45096.94543,565.2537373,9284.284604,279.3311592,18050.29647,486.1007082,9485.811031,235.0237198,15036.72071,352.4472533,15671.98731,346.9213722,0.740740741,0.944444444,0.796296296,0.740740741,0.574074074,0.648148148,0.568518519,0.533333333,0.535185185
81,WordSynonyms,25,270,267,638,IMAGE,0.476489028,0.380877743,0.512539185,0.565830721,0.250783699,0.537617555,0.617554859,0.648902821,0.749216301,0.680250784,0.731974922,0.681818182,0.757053292,0.763322884,0.749216301,0.731974922,0.744514107,0.730407524,0.730407524,0.673981191,0.606583072,0.431034,0.515673981,0.490595611,0.647335423,0.688087774,0.755485893,0.365203762,0.37460815,0.00585535,0.006660161,0.006137586,942604.744,24162.66368,469992.0312,25005.76842,387711.1745,15667.15447,490801.3437,33996.39173,302039.748,23866.94461,801903.1083,63490.56863,0.570532915,0.598746082,0.570532915,0.637931034,0.778996865,0.757053292,0.778683386,0.764106583,0.74137931
82,Worms,5,900,181,77,MOTION,0.38961039,0.402597403,0.38961039,0.428571429,0.441558442,0.415584416,0.454545455,0.584415584,0.532467532,0.584415584,0.649350649,0.558441558,0.597402597,0.571428571,0.571428571,0.584415584,0.532467532,0.584415584,0.649350649,0.532467532,0.61038961,0.649351,0.532467532,0.558441558,0.61038961,0.688311688,0.701298701,0.753246753,0.688311688,0.02125184,0.021601688,0.02103023,5696914.342,216676.0319,571526.072,23607.73136,1691187.077,208304.792,419241.6048,52166.26755,1029660.13,27735.96902,508726.5361,12397.57656,0.545454545,0.61038961,0.74025974,0.558441558,0.662337662,0.623376623,0.718181818,0.68961039,0.664935065
83,WormsTwoClass,2,900,181,77,MOTION,0.519480519,0.558441558,0.493506494,0.571428571,0.571428571,0.597402597,0.61038961,0.623376623,0.584415584,0.636363636,0.688311688,0.649350649,0.649350649,0.675324675,0.61038961,0.636363636,0.571428571,0.649350649,0.623376623,0.701298701,0.727272727,0.727273,0.636363636,0.714285714,0.623376623,0.753246753,0.753246753,0.766233766,0.818181818,0.017531131,0.012320562,0.021207703,5371560.689,122579.328,513442.6379,14466.78978,1560296.452,29838.70235,374055.9981,8777.063608,1098756.864,232603.629,511039.0737,105974.9122,0.636363636,0.688311688,0.831168831,0.831168831,0.688311688,0.805194805,0.784415584,0.77012987,0.74025974
84,Yoga,2,426,300,3000,IMAGE,0.542333333,0.684333333,0.572,0.786,0.606,0.820666667,0.830333333,0.836666667,0.843,0.82,0.828666667,0.847,0.860333333,0.865333333,0.872,0.84,0.853,0.856,0.856,0.868333333,0.834333333,0.695,0.832,0.84,0.859333333,0.819333333,0.869,0.75,0.695333333,0.002433308,0.002434576,0.002722562,1930993.73,108177.382,4282988.849,114553.3995,552715.2307,72046.77552,3008905.82,418297.8198,325378.3541,74685.96146,3489275.364,781077.6915,0.814666667,0.824333333,0.817666667,0.918333333,0.879,0.876666667,0.8786,0.8749,0.876133333
